Year,Category,Name,Value
2005,Watch,Patek_Philippe_Nautilus,17000
2006,Watch,Patek_Philippe_Nautilus,18500
2007,Watch,Patek_Philippe_Nautilus,20000
2008,Watch,Patek_Philippe_Nautilus,21500
2009,Watch,Patek_Philippe_Nautilus,22800
2010,Watch,Patek_Philippe_Nautilus,23700
2011,Watch,Patek_Philippe_Nautilus,24800
2012,Watch,Patek_Philippe_Nautilus,26700
2013,Watch,Patek_Philippe_Nautilus,28500
2014,Watch,Patek_Philippe_Nautilus,29800
2015,Watch,Patek_Philippe_Nautilus,30000
2016,Watch,Patek_Philippe_Nautilus,30000
2017,Watch,Patek_Philippe_Nautilus,31000
2018,Watch,Patek_Philippe_Nautilus,32500
2019,Watch,Patek_Philippe_Nautilus,33200
2020,Watch,Patek_Philippe_Nautilus,33700
2021,Watch,Patek_Philippe_Nautilus,34890
2005,Watch,Audemars_Piguet_RoyalOak,11500
2006,Watch,Audemars_Piguet_RoyalOak,12500
2007,Watch,Audemars_Piguet_RoyalOak,13800
2008,Watch,Audemars_Piguet_RoyalOak,14500
2009,Watch,Audemars_Piguet_RoyalOak,15400
2010,Watch,Audemars_Piguet_RoyalOak,16200
2011,Watch,Audemars_Piguet_RoyalOak,16900
2012,Watch,Audemars_Piguet_RoyalOak,17800
2013,Watch,Audemars_Piguet_RoyalOak,18500
2014,Watch,Audemars_Piguet_RoyalOak,19200
2015,Watch,Audemars_Piguet_RoyalOak,19200
2016,Watch,Audemars_Piguet_RoyalOak,17800
2017,Watch,Audemars_Piguet_RoyalOak,17800
2018,Watch,Audemars_Piguet_RoyalOak,19200
2019,Watch,Audemars_Piguet_RoyalOak,20400
2020,Watch,Audemars_Piguet_RoyalOak,22900
2021,Watch,Audemars_Piguet_RoyalOak,24800
2022,Watch,Audemars_Piguet_RoyalOak,26600
2023,Watch,Audemars_Piguet_RoyalOak,27800
2024,Watch,Audemars_Piguet_RoyalOak,28700
2025,Watch,Audemars_Piguet_RoyalOak,30500
2005,Watch,Rolex_Daytona,6600
2006,Watch,Rolex_Daytona,7900
2007,Watch,Rolex_Daytona,9200
2008,Watch,Rolex_Daytona,9900
2009,Watch,Rolex_Daytona,10400
2010,Watch,Rolex_Daytona,10400
2011,Watch,Rolex_Daytona,11250
2012,Watch,Rolex_Daytona,12000
2013,Watch,Rolex_Daytona,12000
2014,Watch,Rolex_Daytona,12000
2015,Watch,Rolex_Daytona,12000
2016,Watch,Rolex_Daytona,12400
2017,Watch,Rolex_Daytona,12400
2018,Watch,Rolex_Daytona,12400
2019,Watch,Rolex_Daytona,13150
2020,Watch,Rolex_Daytona,13150
2021,Watch,Rolex_Daytona,13150
2022,Watch,Rolex_Daytona,14550
2023,Watch,Rolex_Daytona,15100
2024,Watch,Rolex_Daytona,15100
2025,Watch,Rolex_Daytona,15700
2005,Watch,Rolex_Submariner,4250
2006,Watch,Rolex_Submariner,4525
2007,Watch,Rolex_Submariner,5175
2008,Watch,Rolex_Submariner,6000
2009,Watch,Rolex_Submariner,6375
2010,Watch,Rolex_Submariner,7375
2011,Watch,Rolex_Submariner,7800
2012,Watch,Rolex_Submariner,8550
2013,Watch,Rolex_Submariner,8550
2014,Watch,Rolex_Submariner,8550
2015,Watch,Rolex_Submariner,8550
2016,Watch,Rolex_Submariner,8550
2017,Watch,Rolex_Submariner,8550
2018,Watch,Rolex_Submariner,8550
2019,Watch,Rolex_Submariner,8950
2020,Watch,Rolex_Submariner,9150
2021,Watch,Rolex_Submariner,9150
2022,Watch,Rolex_Submariner,10100
2023,Watch,Rolex_Submariner,10250
2024,Watch,Rolex_Submariner,10250
2025,Watch,Rolex_Submariner,10700
2005,Watch,Rolex_GMT_Master_II,4250
2006,Watch,Rolex_GMT_Master_II,4750
2007,Watch,Rolex_GMT_Master_II,5950
2008,Watch,Rolex_GMT_Master_II,6825
2009,Watch,Rolex_GMT_Master_II,7000
2010,Watch,Rolex_GMT_Master_II,7300
2011,Watch,Rolex_GMT_Master_II,7900
2012,Watch,Rolex_GMT_Master_II,8450
2013,Watch,Rolex_GMT_Master_II,8450
2014,Watch,Rolex_GMT_Master_II,8450
2015,Watch,Rolex_GMT_Master_II,8450
2016,Watch,Rolex_GMT_Master_II,8450
2017,Watch,Rolex_GMT_Master_II,8450
2018,Watch,Rolex_GMT_Master_II,9250
2019,Watch,Rolex_GMT_Master_II,9250
2020,Watch,Rolex_GMT_Master_II,9500
2021,Watch,Rolex_GMT_Master_II,9500
2022,Watch,Rolex_GMT_Master_II,10550
2023,Watch,Rolex_GMT_Master_II,10700
2024,Watch,Rolex_GMT_Master_II,10700
2025,Watch,Rolex_GMT_Master_II,11150
2005,Watch,Richard_Mille_RM011,75000
2006,Watch,Richard_Mille_RM011,80000
2007,Watch,Richard_Mille_RM011,85000
2008,Watch,Richard_Mille_RM011,90000
2009,Watch,Richard_Mille_RM011,95000
2010,Watch,Richard_Mille_RM011,98000
2011,Watch,Richard_Mille_RM011,105000
2012,Watch,Richard_Mille_RM011,110000
2013,Watch,Richard_Mille_RM011,115000
2014,Watch,Richard_Mille_RM011,120000
2015,Watch,Richard_Mille_RM011,125000
2016,Watch,Richard_Mille_RM011,130000
2017,Watch,Richard_Mille_RM011,145000
2018,Watch,Richard_Mille_RM011,150000
2019,Watch,Richard_Mille_RM011,155000
2020,Watch,Richard_Mille_RM011,165000
2021,Watch,Richard_Mille_RM011,175000
2022,Watch,Richard_Mille_RM011,185000
2023,Watch,Richard_Mille_RM011,195000
2024,Watch,Richard_Mille_RM011,210000
2025,Watch,Richard_Mille_RM011,225000
2005,Watch,Omega_Speedmaster,2600
2006,Watch,Omega_Speedmaster,2800
2007,Watch,Omega_Speedmaster,3000
2008,Watch,Omega_Speedmaster,3200
2009,Watch,Omega_Speedmaster,3400
2010,Watch,Omega_Speedmaster,3500
2011,Watch,Omega_Speedmaster,3700
2012,Watch,Omega_Speedmaster,4000
2013,Watch,Omega_Speedmaster,4200
2014,Watch,Omega_Speedmaster,4400
2015,Watch,Omega_Speedmaster,4500
2016,Watch,Omega_Speedmaster,4700
2017,Watch,Omega_Speedmaster,5000
2018,Watch,Omega_Speedmaster,5250
2019,Watch,Omega_Speedmaster,5350
2020,Watch,Omega_Speedmaster,5500
2021,Watch,Omega_Speedmaster,6300
2022,Watch,Omega_Speedmaster,6400
2023,Watch,Omega_Speedmaster,7000
2024,Watch,Omega_Speedmaster,7000
2025,Watch,Omega_Speedmaster,7600
2005,Watch,Omega_Seamaster_300,2100
2006,Watch,Omega_Seamaster_300,2300
2007,Watch,Omega_Seamaster_300,2500
2008,Watch,Omega_Seamaster_300,2700
2009,Watch,Omega_Seamaster_300,2900
2010,Watch,Omega_Seamaster_300,3100
2011,Watch,Omega_Seamaster_300,3400
2012,Watch,Omega_Seamaster_300,3600
2013,Watch,Omega_Seamaster_300,3800
2014,Watch,Omega_Seamaster_300,4000
2015,Watch,Omega_Seamaster_300,4200
2016,Watch,Omega_Seamaster_300,4400
2017,Watch,Omega_Seamaster_300,4400
2018,Watch,Omega_Seamaster_300,4800
2019,Watch,Omega_Seamaster_300,5000
2020,Watch,Omega_Seamaster_300,5200
2021,Watch,Omega_Seamaster_300,5400
2022,Watch,Omega_Seamaster_300,5400
2023,Watch,Omega_Seamaster_300,5900
2024,Watch,Omega_Seamaster_300,5900
2025,Watch,Omega_Seamaster_300,6300
2005,Watch,Rolex_Datejust,4400
2006,Watch,Rolex_Datejust,4700
2007,Watch,Rolex_Datejust,5000
2008,Watch,Rolex_Datejust,5400
2009,Watch,Rolex_Datejust,5800
2010,Watch,Rolex_Datejust,6300
2011,Watch,Rolex_Datejust,6500
2012,Watch,Rolex_Datejust,6700
2013,Watch,Rolex_Datejust,6700
2014,Watch,Rolex_Datejust,6700
2015,Watch,Rolex_Datejust,6700
2016,Watch,Rolex_Datejust,6700
2017,Watch,Rolex_Datejust,6700
2018,Watch,Rolex_Datejust,6700
2019,Watch,Rolex_Datejust,7050
2020,Watch,Rolex_Datejust,7050
2021,Watch,Rolex_Datejust,7050
2022,Watch,Rolex_Datejust,7750
2023,Watch,Rolex_Datejust,8000
2024,Watch,Rolex_Datejust,8000
2025,Watch,Rolex_Datejust,8250
2005,Watch,Patek_Philippe_Calatrava,15500
2006,Watch,Patek_Philippe_Calatrava,16200
2007,Watch,Patek_Philippe_Calatrava,17000
2008,Watch,Patek_Philippe_Calatrava,17800
2009,Watch,Patek_Philippe_Calatrava,18200
2010,Watch,Patek_Philippe_Calatrava,18200
2011,Watch,Patek_Philippe_Calatrava,19000
2012,Watch,Patek_Philippe_Calatrava,19500
2013,Watch,Patek_Philippe_Calatrava,19500
2014,Watch,Patek_Philippe_Calatrava,19500
2015,Watch,Patek_Philippe_Calatrava,20500
2016,Watch,Patek_Philippe_Calatrava,20500
2017,Watch,Patek_Philippe_Calatrava,20500
2018,Watch,Patek_Philippe_Calatrava,20500
2019,Watch,Patek_Philippe_Calatrava,21500
2020,Watch,Patek_Philippe_Calatrava,24600
2021,Watch,Patek_Philippe_Calatrava,24600
2022,Watch,Patek_Philippe_Calatrava,28500
2023,Watch,Patek_Philippe_Calatrava,29500
2024,Watch,Patek_Philippe_Calatrava,31000
2025,Watch,Patek_Philippe_Calatrava,32500
2005,Watch,Cartier_Santos,3800
2006,Watch,Cartier_Santos,4000
2007,Watch,Cartier_Santos,4200
2008,Watch,Cartier_Santos,4400
2009,Watch,Cartier_Santos,4500
2010,Watch,Cartier_Santos,4500
2011,Watch,Cartier_Santos,4700
2012,Watch,Cartier_Santos,4900
2013,Watch,Cartier_Santos,4900
2014,Watch,Cartier_Santos,4900
2015,Watch,Cartier_Santos,5200
2016,Watch,Cartier_Santos,5200
2017,Watch,Cartier_Santos,5200
2018,Watch,Cartier_Santos,6000
2019,Watch,Cartier_Santos,6200
2020,Watch,Cartier_Santos,6200
2021,Watch,Cartier_Santos,6500
2022,Watch,Cartier_Santos,7000
2023,Watch,Cartier_Santos,7300
2024,Watch,Cartier_Santos,7500
2025,Watch,Cartier_Santos,7750
2005,Watch,Cartier_Tank,2200
2006,Watch,Cartier_Tank,2300
2007,Watch,Cartier_Tank,2400
2008,Watch,Cartier_Tank,2500
2009,Watch,Cartier_Tank,2600
2010,Watch,Cartier_Tank,2600
2011,Watch,Cartier_Tank,2800
2012,Watch,Cartier_Tank,2900
2013,Watch,Cartier_Tank,2900
2014,Watch,Cartier_Tank,2900
2015,Watch,Cartier_Tank,3100
2016,Watch,Cartier_Tank,3100
2017,Watch,Cartier_Tank,3100
2018,Watch,Cartier_Tank,3300
2019,Watch,Cartier_Tank,3500
2020,Watch,Cartier_Tank,4000
2021,Watch,Cartier_Tank,4200
2022,Watch,Cartier_Tank,4500
2023,Watch,Cartier_Tank,4800
2024,Watch,Cartier_Tank,4950
2025,Watch,Cartier_Tank,5100
2005,Watch,IWC_Portugieser,5900
2006,Watch,IWC_Portugieser,6100
2007,Watch,IWC_Portugieser,6300
2008,Watch,IWC_Portugieser,6600
2009,Watch,IWC_Portugieser,6800
2010,Watch,IWC_Portugieser,6800
2011,Watch,IWC_Portugieser,7100
2012,Watch,IWC_Portugieser,7400
2013,Watch,IWC_Portugieser,7400
2014,Watch,IWC_Portugieser,7400
2015,Watch,IWC_Portugieser,7600
2016,Watch,IWC_Portugieser,7600
2017,Watch,IWC_Portugieser,7600
2018,Watch,IWC_Portugieser,7900
2019,Watch,IWC_Portugieser,8100
2020,Watch,IWC_Portugieser,8400
2021,Watch,IWC_Portugieser,8600
2022,Watch,IWC_Portugieser,8800
2023,Watch,IWC_Portugieser,9000
2024,Watch,IWC_Portugieser,9100
2025,Watch,IWC_Portugieser,9250
2005,Watch,Breitling_Navitimer,4200
2006,Watch,Breitling_Navitimer,4400
2007,Watch,Breitling_Navitimer,4700
2008,Watch,Breitling_Navitimer,4900
2009,Watch,Breitling_Navitimer,5100
2010,Watch,Breitling_Navitimer,5100
2011,Watch,Breitling_Navitimer,5400
2012,Watch,Breitling_Navitimer,5800
2013,Watch,Breitling_Navitimer,5800
2014,Watch,Breitling_Navitimer,5800
2015,Watch,Breitling_Navitimer,6200
2016,Watch,Breitling_Navitimer,6200
2017,Watch,Breitling_Navitimer,6200
2018,Watch,Breitling_Navitimer,7500
2019,Watch,Breitling_Navitimer,7900
2020,Watch,Breitling_Navitimer,8300
2021,Watch,Breitling_Navitimer,8700
2022,Watch,Breitling_Navitimer,9100
2023,Watch,Breitling_Navitimer,9300
2024,Watch,Breitling_Navitimer,9550
2025,Watch,Breitling_Navitimer,9800
2005,Watch,Panerai_Luminor,4200
2006,Watch,Panerai_Luminor,4400
2007,Watch,Panerai_Luminor,4800
2008,Watch,Panerai_Luminor,5100
2009,Watch,Panerai_Luminor,5400
2010,Watch,Panerai_Luminor,5400
2011,Watch,Panerai_Luminor,5900
2012,Watch,Panerai_Luminor,6300
2013,Watch,Panerai_Luminor,6300
2014,Watch,Panerai_Luminor,6300
2015,Watch,Panerai_Luminor,6600
2016,Watch,Panerai_Luminor,7200
2017,Watch,Panerai_Luminor,7200
2018,Watch,Panerai_Luminor,7500
2019,Watch,Panerai_Luminor,7700
2020,Watch,Panerai_Luminor,7700
2021,Watch,Panerai_Luminor,8400
2022,Watch,Panerai_Luminor,8800
2023,Watch,Panerai_Luminor,9200
2024,Watch,Panerai_Luminor,9600
2025,Watch,Panerai_Luminor,10100
2005,Watch,Jaeger_LeCoultre_Reverso,3800
2006,Watch,Jaeger_LeCoultre_Reverso,4000
2007,Watch,Jaeger_LeCoultre_Reverso,4200
2008,Watch,Jaeger_LeCoultre_Reverso,4500
2009,Watch,Jaeger_LeCoultre_Reverso,4500
2010,Watch,Jaeger_LeCoultre_Reverso,4800
2011,Watch,Jaeger_LeCoultre_Reverso,5200
2012,Watch,Jaeger_LeCoultre_Reverso,5600
2013,Watch,Jaeger_LeCoultre_Reverso,5600
2014,Watch,Jaeger_LeCoultre_Reverso,5600
2015,Watch,Jaeger_LeCoultre_Reverso,5900
2016,Watch,Jaeger_LeCoultre_Reverso,6200
2017,Watch,Jaeger_LeCoultre_Reverso,6200
2018,Watch,Jaeger_LeCoultre_Reverso,6400
2019,Watch,Jaeger_LeCoultre_Reverso,6700
2020,Watch,Jaeger_LeCoultre_Reverso,7100
2021,Watch,Jaeger_LeCoultre_Reverso,8500
2022,Watch,Jaeger_LeCoultre_Reverso,9200
2023,Watch,Jaeger_LeCoultre_Reverso,10300
2024,Watch,Jaeger_LeCoultre_Reverso,11000
2025,Watch,Jaeger_LeCoultre_Reverso,11800
2005,Watch,Hublot_Big_Bang,7900
2006,Watch,Hublot_Big_Bang,8300
2007,Watch,Hublot_Big_Bang,8700
2008,Watch,Hublot_Big_Bang,9000
2009,Watch,Hublot_Big_Bang,9500
2010,Watch,Hublot_Big_Bang,10000
2011,Watch,Hublot_Big_Bang,10400
2012,Watch,Hublot_Big_Bang,10800
2013,Watch,Hublot_Big_Bang,11400
2014,Watch,Hublot_Big_Bang,12000
2015,Watch,Hublot_Big_Bang,12500
2016,Watch,Hublot_Big_Bang,13200
2017,Watch,Hublot_Big_Bang,13200
2018,Watch,Hublot_Big_Bang,13600
2019,Watch,Hublot_Big_Bang,14000
2020,Watch,Hublot_Big_Bang,14500
2021,Watch,Hublot_Big_Bang,14800
2022,Watch,Hublot_Big_Bang,15100
2023,Watch,Hublot_Big_Bang,15700
2024,Watch,Hublot_Big_Bang,16900
2025,Watch,Hublot_Big_Bang,17800
2005,Watch,Zenith_El_Primero,4500
2006,Watch,Zenith_El_Primero,4700
2007,Watch,Zenith_El_Primero,4900
2008,Watch,Zenith_El_Primero,5200
2009,Watch,Zenith_El_Primero,5400
2010,Watch,Zenith_El_Primero,5400
2011,Watch,Zenith_El_Primero,5700
2012,Watch,Zenith_El_Primero,6000
2013,Watch,Zenith_El_Primero,6300
2014,Watch,Zenith_El_Primero,6700
2015,Watch,Zenith_El_Primero,6700
2016,Watch,Zenith_El_Primero,6700
2017,Watch,Zenith_El_Primero,6700
2018,Watch,Zenith_El_Primero,7100
2019,Watch,Zenith_El_Primero,7700
2020,Watch,Zenith_El_Primero,8400
2021,Watch,Zenith_El_Primero,9000
2022,Watch,Zenith_El_Primero,9500
2023,Watch,Zenith_El_Primero,10000
2024,Watch,Zenith_El_Primero,10400
2025,Watch,Zenith_El_Primero,11200
2012,Watch,Tudor_Black_Bay,3250
2013,Watch,Tudor_Black_Bay,3250
2014,Watch,Tudor_Black_Bay,3400
2015,Watch,Tudor_Black_Bay,3425
2016,Watch,Tudor_Black_Bay,3675
2017,Watch,Tudor_Black_Bay,3675
2018,Watch,Tudor_Black_Bay,3800
2019,Watch,Tudor_Black_Bay,3900
2020,Watch,Tudor_Black_Bay,3950
2021,Watch,Tudor_Black_Bay,3950
2022,Watch,Tudor_Black_Bay,4125
2023,Watch,Tudor_Black_Bay,4400
2024,Watch,Tudor_Black_Bay,4625
2025,Watch,Tudor_Black_Bay,4850
2010,Watch,Grand_Seiko_Snowflake,5500
2011,Watch,Grand_Seiko_Snowflake,5800
2012,Watch,Grand_Seiko_Snowflake,5800
2013,Watch,Grand_Seiko_Snowflake,5800
2014,Watch,Grand_Seiko_Snowflake,5800
2015,Watch,Grand_Seiko_Snowflake,5800
2016,Watch,Grand_Seiko_Snowflake,5800
2017,Watch,Grand_Seiko_Snowflake,5800
2018,Watch,Grand_Seiko_Snowflake,5800
2019,Watch,Grand_Seiko_Snowflake,5800
2020,Watch,Grand_Seiko_Snowflake,5800
2021,Watch,Grand_Seiko_Snowflake,5800
2022,Watch,Grand_Seiko_Snowflake,6000
2023,Watch,Grand_Seiko_Snowflake,6200
2024,Watch,Grand_Seiko_Snowflake,6200
2025,Watch,Grand_Seiko_Snowflake,6500
2005,Watch,Seiko_5_Sports,125
2006,Watch,Seiko_5_Sports,130
2007,Watch,Seiko_5_Sports,135
2008,Watch,Seiko_5_Sports,140
2009,Watch,Seiko_5_Sports,150
2010,Watch,Seiko_5_Sports,150
2011,Watch,Seiko_5_Sports,160
2012,Watch,Seiko_5_Sports,175
2013,Watch,Seiko_5_Sports,180
2014,Watch,Seiko_5_Sports,185
2015,Watch,Seiko_5_Sports,195
2016,Watch,Seiko_5_Sports,210
2017,Watch,Seiko_5_Sports,220
2018,Watch,Seiko_5_Sports,225
2019,Watch,Seiko_5_Sports,275
2020,Watch,Seiko_5_Sports,295
2021,Watch,Seiko_5_Sports,310
2022,Watch,Seiko_5_Sports,325
2023,Watch,Seiko_5_Sports,350
2024,Watch,Seiko_5_Sports,375
2025,Watch,Seiko_5_Sports,395
2005,Watch,Seiko_Prospex,350
2006,Watch,Seiko_Prospex,375
2007,Watch,Seiko_Prospex,400
2008,Watch,Seiko_Prospex,400
2009,Watch,Seiko_Prospex,425
2010,Watch,Seiko_Prospex,425
2011,Watch,Seiko_Prospex,425
2012,Watch,Seiko_Prospex,450
2013,Watch,Seiko_Prospex,450
2014,Watch,Seiko_Prospex,475
2015,Watch,Seiko_Prospex,475
2016,Watch,Seiko_Prospex,525
2017,Watch,Seiko_Prospex,525
2018,Watch,Seiko_Prospex,525
2019,Watch,Seiko_Prospex,550
2020,Watch,Seiko_Prospex,575
2021,Watch,Seiko_Prospex,625
2022,Watch,Seiko_Prospex,650
2023,Watch,Seiko_Prospex,725
2024,Watch,Seiko_Prospex,750
2025,Watch,Seiko_Prospex,795
2021,Watch,Tissot_PRX,375
2022,Watch,Tissot_PRX,395
2023,Watch,Tissot_PRX,425
2024,Watch,Tissot_PRX,450
2025,Watch,Tissot_PRX,495
2005,Watch,Tissot_Le_Locle,395
2006,Watch,Tissot_Le_Locle,425
2007,Watch,Tissot_Le_Locle,450
2008,Watch,Tissot_Le_Locle,450
2009,Watch,Tissot_Le_Locle,475
2010,Watch,Tissot_Le_Locle,495
2011,Watch,Tissot_Le_Locle,525
2012,Watch,Tissot_Le_Locle,550
2013,Watch,Tissot_Le_Locle,550
2014,Watch,Tissot_Le_Locle,575
2015,Watch,Tissot_Le_Locle,595
2016,Watch,Tissot_Le_Locle,625
2017,Watch,Tissot_Le_Locle,650
2018,Watch,Tissot_Le_Locle,650
2019,Watch,Tissot_Le_Locle,675
2020,Watch,Tissot_Le_Locle,695
2021,Watch,Tissot_Le_Locle,725
2022,Watch,Tissot_Le_Locle,750
2023,Watch,Tissot_Le_Locle,795
2024,Watch,Tissot_Le_Locle,825
2025,Watch,Tissot_Le_Locle,875
2005,Watch,Hamilton_Khaki_Field,295
2006,Watch,Hamilton_Khaki_Field,325
2007,Watch,Hamilton_Khaki_Field,345
2008,Watch,Hamilton_Khaki_Field,375
2009,Watch,Hamilton_Khaki_Field,395
2010,Watch,Hamilton_Khaki_Field,395
2011,Watch,Hamilton_Khaki_Field,425
2012,Watch,Hamilton_Khaki_Field,445
2013,Watch,Hamilton_Khaki_Field,475
2014,Watch,Hamilton_Khaki_Field,475
2015,Watch,Hamilton_Khaki_Field,495
2016,Watch,Hamilton_Khaki_Field,495
2017,Watch,Hamilton_Khaki_Field,525
2018,Watch,Hamilton_Khaki_Field,545
2019,Watch,Hamilton_Khaki_Field,575
2020,Watch,Hamilton_Khaki_Field,575
2021,Watch,Hamilton_Khaki_Field,595
2022,Watch,Hamilton_Khaki_Field,645
2023,Watch,Hamilton_Khaki_Field,725
2024,Watch,Hamilton_Khaki_Field,795
2025,Watch,Hamilton_Khaki_Field,845
2005,Watch,Casio_G_Shock,45
2006,Watch,Casio_G_Shock,45
2007,Watch,Casio_G_Shock,50
2008,Watch,Casio_G_Shock,50
2009,Watch,Casio_G_Shock,50
2010,Watch,Casio_G_Shock,55
2011,Watch,Casio_G_Shock,55
2012,Watch,Casio_G_Shock,60
2013,Watch,Casio_G_Shock,60
2014,Watch,Casio_G_Shock,65
2015,Watch,Casio_G_Shock,65
2016,Watch,Casio_G_Shock,70
2017,Watch,Casio_G_Shock,70
2018,Watch,Casio_G_Shock,75
2019,Watch,Casio_G_Shock,75
2020,Watch,Casio_G_Shock,80
2021,Watch,Casio_G_Shock,85
2022,Watch,Casio_G_Shock,90
2023,Watch,Casio_G_Shock,95
2024,Watch,Casio_G_Shock,100
2025,Watch,Casio_G_Shock,110
2007,Watch,Longines_HydroConquest,950
2008,Watch,Longines_HydroConquest,1050
2009,Watch,Longines_HydroConquest,1050
2010,Watch,Longines_HydroConquest,1100
2011,Watch,Longines_HydroConquest,1150
2012,Watch,Longines_HydroConquest,1200
2013,Watch,Longines_HydroConquest,1250
2014,Watch,Longines_HydroConquest,1275
2015,Watch,Longines_HydroConquest,1275
2016,Watch,Longines_HydroConquest,1275
2017,Watch,Longines_HydroConquest,1300
2018,Watch,Longines_HydroConquest,1500
2019,Watch,Longines_HydroConquest,1600
2020,Watch,Longines_HydroConquest,1600
2021,Watch,Longines_HydroConquest,1700
2022,Watch,Longines_HydroConquest,1775
2023,Watch,Longines_HydroConquest,1950
2024,Watch,Longines_HydroConquest,2000
2025,Watch,Longines_HydroConquest,2200
2005,Watch,Longines_Master_Collection,1550
2006,Watch,Longines_Master_Collection,1650
2007,Watch,Longines_Master_Collection,1750
2008,Watch,Longines_Master_Collection,1850
2009,Watch,Longines_Master_Collection,1850
2010,Watch,Longines_Master_Collection,1900
2011,Watch,Longines_Master_Collection,2000
2012,Watch,Longines_Master_Collection,2100
2013,Watch,Longines_Master_Collection,2100
2014,Watch,Longines_Master_Collection,2200
2015,Watch,Longines_Master_Collection,2300
2016,Watch,Longines_Master_Collection,2300
2017,Watch,Longines_Master_Collection,2300
2018,Watch,Longines_Master_Collection,2400
2019,Watch,Longines_Master_Collection,2450
2020,Watch,Longines_Master_Collection,2450
2021,Watch,Longines_Master_Collection,2550
2022,Watch,Longines_Master_Collection,2650
2023,Watch,Longines_Master_Collection,2800
2024,Watch,Longines_Master_Collection,3000
2025,Watch,Longines_Master_Collection,3200
2005,Watch,TAG_Heuer_Carrera,2200
2006,Watch,TAG_Heuer_Carrera,2400
2007,Watch,TAG_Heuer_Carrera,2600
2008,Watch,TAG_Heuer_Carrera,2800
2009,Watch,TAG_Heuer_Carrera,2800
2010,Watch,TAG_Heuer_Carrera,2900
2011,Watch,TAG_Heuer_Carrera,3100
2012,Watch,TAG_Heuer_Carrera,3200
2013,Watch,TAG_Heuer_Carrera,3200
2014,Watch,TAG_Heuer_Carrera,3400
2015,Watch,TAG_Heuer_Carrera,3500
2016,Watch,TAG_Heuer_Carrera,3500
2017,Watch,TAG_Heuer_Carrera,3600
2018,Watch,TAG_Heuer_Carrera,3600
2019,Watch,TAG_Heuer_Carrera,3700
2020,Watch,TAG_Heuer_Carrera,3700
2021,Watch,TAG_Heuer_Carrera,3900
2022,Watch,TAG_Heuer_Carrera,4100
2023,Watch,TAG_Heuer_Carrera,4300
2024,Watch,TAG_Heuer_Carrera,4600
2025,Watch,TAG_Heuer_Carrera,4900
2005,Watch,TAG_Heuer_Aquaracer,1450
2006,Watch,TAG_Heuer_Aquaracer,1550
2007,Watch,TAG_Heuer_Aquaracer,1650
2008,Watch,TAG_Heuer_Aquaracer,1750
2009,Watch,TAG_Heuer_Aquaracer,1750
2010,Watch,TAG_Heuer_Aquaracer,1850
2011,Watch,TAG_Heuer_Aquaracer,2000
2012,Watch,TAG_Heuer_Aquaracer,2100
2013,Watch,TAG_Heuer_Aquaracer,2200
2014,Watch,TAG_Heuer_Aquaracer,2300
2015,Watch,TAG_Heuer_Aquaracer,2400
2016,Watch,TAG_Heuer_Aquaracer,2400
2017,Watch,TAG_Heuer_Aquaracer,2500
2018,Watch,TAG_Heuer_Aquaracer,2600
2019,Watch,TAG_Heuer_Aquaracer,2700
2020,Watch,TAG_Heuer_Aquaracer,2800
2021,Watch,TAG_Heuer_Aquaracer,3000
2022,Watch,TAG_Heuer_Aquaracer,3200
2023,Watch,TAG_Heuer_Aquaracer,3400
2024,Watch,TAG_Heuer_Aquaracer,3600
2025,Watch,TAG_Heuer_Aquaracer,3800
2011,Watch,Oris_Aquis,1450
2012,Watch,Oris_Aquis,1550
2013,Watch,Oris_Aquis,1650
2014,Watch,Oris_Aquis,1750
2015,Watch,Oris_Aquis,1850
2016,Watch,Oris_Aquis,1950
2017,Watch,Oris_Aquis,1950
2018,Watch,Oris_Aquis,2100
2019,Watch,Oris_Aquis,2200
2020,Watch,Oris_Aquis,2200
2021,Watch,Oris_Aquis,2300
2022,Watch,Oris_Aquis,2450
2023,Watch,Oris_Aquis,2600
2024,Watch,Oris_Aquis,2800
2025,Watch,Oris_Aquis,2950
2005,Watch,Nomos_Tangente,1100
2006,Watch,Nomos_Tangente,1200
2007,Watch,Nomos_Tangente,1300
2008,Watch,Nomos_Tangente,1400
2009,Watch,Nomos_Tangente,1500
2010,Watch,Nomos_Tangente,1600
2011,Watch,Nomos_Tangente,1650
2012,Watch,Nomos_Tangente,1750
2013,Watch,Nomos_Tangente,1850
2014,Watch,Nomos_Tangente,1900
2015,Watch,Nomos_Tangente,1900
2016,Watch,Nomos_Tangente,2000
2017,Watch,Nomos_Tangente,2050
2018,Watch,Nomos_Tangente,2100
2019,Watch,Nomos_Tangente,2150
2020,Watch,Nomos_Tangente,2150
2021,Watch,Nomos_Tangente,2200
2022,Watch,Nomos_Tangente,2300
2023,Watch,Nomos_Tangente,2400
2024,Watch,Nomos_Tangente,2500
2025,Watch,Nomos_Tangente,2650
2005,Watch,Breitling_Superocean,2200
2006,Watch,Breitling_Superocean,2400
2007,Watch,Breitling_Superocean,2600
2008,Watch,Breitling_Superocean,2850
2009,Watch,Breitling_Superocean,3000
2010,Watch,Breitling_Superocean,3000
2011,Watch,Breitling_Superocean,3300
2012,Watch,Breitling_Superocean,3450
2013,Watch,Breitling_Superocean,3450
2014,Watch,Breitling_Superocean,3450
2015,Watch,Breitling_Superocean,3600
2016,Watch,Breitling_Superocean,3800
2017,Watch,Breitling_Superocean,4000
2018,Watch,Breitling_Superocean,4200
2019,Watch,Breitling_Superocean,4300
2020,Watch,Breitling_Superocean,4300
2021,Watch,Breitling_Superocean,4500
2022,Watch,Breitling_Superocean,4700
2023,Watch,Breitling_Superocean,5000
2024,Watch,Breitling_Superocean,5250
2025,Watch,Breitling_Superocean,5500
2005,Watch,TAG_Heuer_Monaco,3200
2006,Watch,TAG_Heuer_Monaco,3500
2007,Watch,TAG_Heuer_Monaco,3800
2008,Watch,TAG_Heuer_Monaco,4100
2009,Watch,TAG_Heuer_Monaco,4100
2010,Watch,TAG_Heuer_Monaco,4300
2011,Watch,TAG_Heuer_Monaco,4500
2012,Watch,TAG_Heuer_Monaco,4500
2013,Watch,TAG_Heuer_Monaco,4800
2014,Watch,TAG_Heuer_Monaco,5200
2015,Watch,TAG_Heuer_Monaco,5200
2016,Watch,TAG_Heuer_Monaco,5500
2017,Watch,TAG_Heuer_Monaco,5500
2018,Watch,TAG_Heuer_Monaco,5900
2019,Watch,TAG_Heuer_Monaco,6100
2020,Watch,TAG_Heuer_Monaco,6350
2021,Watch,TAG_Heuer_Monaco,6700
2022,Watch,TAG_Heuer_Monaco,7000
2023,Watch,TAG_Heuer_Monaco,7500
2024,Watch,TAG_Heuer_Monaco,7800
2025,Watch,TAG_Heuer_Monaco,8200
2012,Watch,Tudor_Pelagos,3950
2013,Watch,Tudor_Pelagos,4125
2014,Watch,Tudor_Pelagos,4125
2015,Watch,Tudor_Pelagos,4400
2016,Watch,Tudor_Pelagos,4400
2017,Watch,Tudor_Pelagos,4400
2018,Watch,Tudor_Pelagos,4400
2019,Watch,Tudor_Pelagos,4575
2020,Watch,Tudor_Pelagos,4575
2021,Watch,Tudor_Pelagos,4575
2022,Watch,Tudor_Pelagos,4725
2023,Watch,Tudor_Pelagos,4950
2024,Watch,Tudor_Pelagos,5100
2025,Watch,Tudor_Pelagos,5350
